1,5,102,favpng_beatrice-prior-mask-youtube-character.png,712,580
1,28,196,favpng_beatrice-prior-mask-youtube-character.png,712,580
1,46,290,favpng_beatrice-prior-mask-youtube-character.png,712,580
1,75,379,favpng_beatrice-prior-mask-youtube-character.png,712,580
1,126,444,favpng_beatrice-prior-mask-youtube-character.png,712,580
1,151,488,favpng_beatrice-prior-mask-youtube-character.png,712,580
1,192,509,favpng_beatrice-prior-mask-youtube-character.png,712,580
1,247,539,favpng_beatrice-prior-mask-youtube-character.png,712,580
1,305,562,favpng_beatrice-prior-mask-youtube-character.png,712,580
1,388,574,favpng_beatrice-prior-mask-youtube-character.png,712,580
1,453,552,favpng_beatrice-prior-mask-youtube-character.png,712,580
1,524,514,favpng_beatrice-prior-mask-youtube-character.png,712,580
1,571,481,favpng_beatrice-prior-mask-youtube-character.png,712,580
1,620,442,favpng_beatrice-prior-mask-youtube-character.png,712,580
1,653,373,favpng_beatrice-prior-mask-youtube-character.png,712,580
1,681,307,favpng_beatrice-prior-mask-youtube-character.png,712,580
1,686,218,favpng_beatrice-prior-mask-youtube-character.png,712,580
1,689,142,favpng_beatrice-prior-mask-youtube-character.png,712,580
1,702,25,favpng_beatrice-prior-mask-youtube-character.png,712,580
1,633,130,favpng_beatrice-prior-mask-youtube-character.png,712,580
1,538,99,favpng_beatrice-prior-mask-youtube-character.png,712,580
1,432,75,favpng_beatrice-prior-mask-youtube-character.png,712,580
1,323,69,favpng_beatrice-prior-mask-youtube-character.png,712,580
1,222,96,favpng_beatrice-prior-mask-youtube-character.png,712,580
1,137,135,favpng_beatrice-prior-mask-youtube-character.png,712,580
1,94,159,favpng_beatrice-prior-mask-youtube-character.png,712,580
